rank,title,year,director,borninfo,birthday,birthplace,deathinfo,death_date,age_died,death_place,birthdate,birthyear,age_at_release,country,death_year,released_before_passing,alive
1,Shôshanku no sora ni,1994,Frank Darabont,"Born: January 28, 1959 in Montbéliard, Doubs, France","January 28, 1959","Montbéliard, Doubs, France",NA,NA,NA,NA,1959-01-28,1959,35,France,NA,NA,TRUE
2,Goddofâzâ,1972,Francis Ford Coppola,"Born: April 7, 1939 in Detroit, Michigan, USA","April 7, 1939","Detroit, Michigan, USA",NA,NA,NA,NA,1939-04-07,1939,33,USA,NA,NA,TRUE
3,The Godfather: Part II,1974,Francis Ford Coppola,"Born: April 7, 1939 in Detroit, Michigan, USA","April 7, 1939","Detroit, Michigan, USA",NA,NA,NA,NA,1939-04-07,1939,35,USA,NA,NA,TRUE
4,Dâku naito,2008,Christopher Nolan,"Born: July 30, 1970 in London, England, UK","July 30, 1970","London, England, UK",NA,NA,NA,NA,1970-07-30,1970,38,UK,NA,NA,TRUE
5,12 Angry Men,1957,Sidney Lumet,"Born: June 25, 1924 in Philadelphia, Pennsylvania, USA","June 25, 1924","Philadelphia, Pennsylvania, USA","Died: April 9, 2011 (age 86) in Manhattan, New York City, New York, USA",2011-04-09,86,"Manhattan, New York City, New York, USA",1924-06-25,1924,33,USA,2011,54,FALSE
6,Schindler's List,1993,Steven Spielberg,"Born: December 18, 1946 in Cincinnati, Ohio, USA","December 18, 1946","Cincinnati, Ohio, USA",NA,NA,NA,NA,1946-12-18,1946,47,USA,NA,NA,TRUE
7,Rôdo obu za ringu - Ô no kikan,2003,Peter Jackson,"Born: October 31, 1961 in Pukerua Bay, North Island, New Zealand","October 31, 1961","Pukerua Bay, North Island, New Zealand",NA,NA,NA,NA,1961-10-31,1961,42,New Zealand,NA,NA,TRUE
8,Pulp Fiction,1994,Quentin Tarantino,"Born: March 27, 1963 in Knoxville, Tennessee, USA","March 27, 1963","Knoxville, Tennessee, USA",NA,NA,NA,NA,1963-03-27,1963,31,USA,NA,NA,TRUE
9,Zoku yuuhi no ganman,1966,Sergio Leone,"Born: January 3, 1929 in Rome, Lazio, Italy","January 3, 1929","Rome, Lazio, Italy","Died: April 30, 1989 (age 60) in Rome, Lazio, Italy",1989-04-30,60,"Rome, Lazio, Italy",1929-01-03,1929,37,Italy,1989,23,FALSE
10,Rôdo obu za ringu,2001,Peter Jackson,"Born: October 31, 1961 in Pukerua Bay, North Island, New Zealand","October 31, 1961","Pukerua Bay, North Island, New Zealand",NA,NA,NA,NA,1961-10-31,1961,40,New Zealand,NA,NA,TRUE
11,Fight Club,1999,David Fincher,"Born: August 28, 1962 in Denver, Colorado, USA","August 28, 1962","Denver, Colorado, USA",NA,NA,NA,NA,1962-08-28,1962,37,USA,NA,NA,TRUE
12,Forrest Gump,1994,Robert Zemeckis,"Born: May 14, 1951 in Chicago, Illinois, USA","May 14, 1951","Chicago, Illinois, USA",NA,NA,NA,NA,1951-05-14,1951,43,USA,NA,NA,TRUE
13,Inception,2010,Christopher Nolan,"Born: July 30, 1970 in London, England, UK","July 30, 1970","London, England, UK",NA,NA,NA,NA,1970-07-30,1970,40,UK,NA,NA,TRUE
14,ロード・オブ・ザ・リング 二つの塔,2002,Peter Jackson,"Born: October 31, 1961 in Pukerua Bay, North Island, New Zealand","October 31, 1961","Pukerua Bay, North Island, New Zealand",NA,NA,NA,NA,1961-10-31,1961,41,New Zealand,NA,NA,TRUE
15,Sutâ wôzu episoddo 5: Teikoku no gyakushû,1980,Irvin Kershner,"Born: April 29, 1923 in Philadelphia, Pennsylvania, USA","April 29, 1923","Philadelphia, Pennsylvania, USA","Died: November 27, 2010 (age 87) in Los Angeles, California, USA",2010-11-27,87,"Los Angeles, California, USA",1923-04-29,1923,57,USA,2010,30,FALSE
16,Matorikkusu,1999,Lana Wachowski,"Born: June 21, 1965 in Chicago, Illinois, USA","June 21, 1965","Chicago, Illinois, USA",NA,NA,NA,NA,1965-06-21,1965,34,USA,NA,NA,TRUE
17,Guddoferozu,1990,Martin Scorsese,"Born: November 17, 1942 in Queens, New York City, New York, USA","November 17, 1942","Queens, New York City, New York, USA",NA,NA,NA,NA,1942-11-17,1942,48,USA,NA,NA,TRUE
18,Kakkou no su no ue de,1975,Milos Forman,"Born: February 18, 1932 in Cáslav, Czechoslovakia [now Czech Republic]","February 18, 1932","Cáslav, Czechoslovakia [now Czech Republic]","Died: April 13, 2018 (age 86) in Danbury, Connecticut, USA",2018-04-13,86,"Danbury, Connecticut, USA",1932-02-18,1932,43,Czech Republic,2018,43,FALSE
19,Shichinin no samurai,1954,Akira Kurosawa,"Born: March 23, 1910 in Tokyo, Japan","March 23, 1910","Tokyo, Japan","Died: September 6, 1998 (age 88) in Setagaya, Tokyo, Japan",1998-09-06,88,"Setagaya, Tokyo, Japan",1910-03-23,1910,44,Japan,1998,44,FALSE
20,Sebun,1995,David Fincher,"Born: August 28, 1962 in Denver, Colorado, USA","August 28, 1962","Denver, Colorado, USA",NA,NA,NA,NA,1962-08-28,1962,33,USA,NA,NA,TRUE
21,Hitsujitachi no Chinmoku,1991,Jonathan Demme,"Born: February 22, 1944 in Baldwin, Long Island, New York, USA","February 22, 1944","Baldwin, Long Island, New York, USA","Died: April 26, 2017 (age 73) in Manhattan, New York City, New York, USA",2017-04-26,73,"Manhattan, New York City, New York, USA",1944-02-22,1944,47,USA,2017,26,FALSE
22,Cidade de Deus,2002,Fernando Meirelles,"Born: November 9, 1955 in São Paulo, São Paulo, Brazil","November 9, 1955","São Paulo, São Paulo, Brazil",NA,NA,NA,NA,1955-11-09,1955,47,Brazil,NA,NA,TRUE
23,La vita è bella,1997,Roberto Benigni,"Born: October 27, 1952 in Manciano La Misericordia, Castiglion Fiorentino, Tuscany, Italy","October 27, 1952","Manciano La Misericordia, Castiglion Fiorentino, Tuscany, Italy",NA,NA,NA,NA,1952-10-27,1952,45,Italy,NA,NA,TRUE
24,"Subarashiki kana, jinsei!",1946,Frank Capra,"Born: May 18, 1897 in Bisacquino, Sicily, Italy","May 18, 1897","Bisacquino, Sicily, Italy","Died: September 3, 1991 (age 94) in La Quinta, California, USA",1991-09-03,94,"La Quinta, California, USA",1897-05-18,1897,49,Italy,1991,45,FALSE
25,Puraibeto Raian,1998,Steven Spielberg,"Born: December 18, 1946 in Cincinnati, Ohio, USA","December 18, 1946","Cincinnati, Ohio, USA",NA,NA,NA,NA,1946-12-18,1946,52,USA,NA,NA,TRUE
26,Star Wars,1977,George Lucas,"Born: May 14, 1944 in Modesto, California, USA","May 14, 1944","Modesto, California, USA",NA,NA,NA,NA,1944-05-14,1944,33,USA,NA,NA,TRUE
27,Interstellar,2014,Christopher Nolan,"Born: July 30, 1970 in London, England, UK","July 30, 1970","London, England, UK",NA,NA,NA,NA,1970-07-30,1970,44,UK,NA,NA,TRUE
28,Sen to Chihiro no kamikakushi,2001,Hayao Miyazaki,"Born: January 5, 1941 in Tokyo, Japan","January 5, 1941","Tokyo, Japan",NA,NA,NA,NA,1941-01-05,1941,60,Japan,NA,NA,TRUE
29,Gurîn Mairu,1999,Frank Darabont,"Born: January 28, 1959 in Montbéliard, Doubs, France","January 28, 1959","Montbéliard, Doubs, France",NA,NA,NA,NA,1959-01-28,1959,40,France,NA,NA,TRUE
30,Parasaito: Hanchika no kazoku,2019,Bong Joon Ho,"Born: September 14, 1969 in Daegu, South Korea","September 14, 1969","Daegu, South Korea",NA,NA,NA,NA,1969-09-14,1969,50,South Korea,NA,NA,TRUE
31,Léon,1994,Luc Besson,"Born: March 18, 1959 in Paris, France","March 18, 1959","Paris, France",NA,NA,NA,NA,1959-03-18,1959,35,France,NA,NA,TRUE
32,Seppuku,1962,Masaki Kobayashi,"Born: February 14, 1916 in Hokkaido, Japan","February 14, 1916","Hokkaido, Japan","Died: October 4, 1996 (age 80) in Tokyo, Japan",1996-10-04,80,"Tokyo, Japan",1916-02-14,1916,46,Japan,1996,34,FALSE
33,Senjô no pianisuto,2002,Roman Polanski,"Born: August 18, 1933 in Paris, France","August 18, 1933","Paris, France",NA,NA,NA,NA,1933-08-18,1933,69,France,NA,NA,TRUE
34,Terminator 2: Judgment Day,1991,James Cameron,"Born: August 16, 1954 in Kapuskasing, Ontario, Canada","August 16, 1954","Kapuskasing, Ontario, Canada",NA,NA,NA,NA,1954-08-16,1954,37,Canada,NA,NA,TRUE
35,Back to the Future,1985,Robert Zemeckis,"Born: May 14, 1951 in Chicago, Illinois, USA","May 14, 1951","Chicago, Illinois, USA",NA,NA,NA,NA,1951-05-14,1951,34,USA,NA,NA,TRUE
36,The Usual Suspects,1995,Bryan Singer,"Born: September 17, 1965 in New York City, New York, USA","September 17, 1965","New York City, New York, USA",NA,NA,NA,NA,1965-09-17,1965,30,USA,NA,NA,TRUE
37,Psycho,1960,Alfred Hitchcock,"Born: August 13, 1899 in Leytonstone, London, England, UK","August 13, 1899","Leytonstone, London, England, UK","Died: April 29, 1980 (age 80) in Bel Air, Los Angeles, California, USA",1980-04-29,80,"Bel Air, Los Angeles, California, USA",1899-08-13,1899,61,UK,1980,20,FALSE
38,The Lion King,1994,Roger Allers,"Born: June 29, 1949 in Rye, New York, USA","June 29, 1949","Rye, New York, USA",NA,NA,NA,NA,1949-06-29,1949,45,USA,NA,NA,TRUE
39,Modan Taimusu,1936,Charles Chaplin,"Born: April 16, 1889 in Walworth, London, England, UK","April 16, 1889","Walworth, London, England, UK","Died: December 25, 1977 (age 88) in Vevey, Vaud, Switzerland",1977-12-25,88,"Vevey, Vaud, Switzerland",1889-04-16,1889,47,UK,1977,41,FALSE
40,Amerikan Hisutori X,1998,Tony Kaye,"Born: 1952 in London, England, UK",1952,"London, England, UK",NA,NA,NA,NA,NA,1952,46,UK,NA,NA,TRUE
41,Hotaru no haka,1988,Isao Takahata,"Born: October 29, 1935 in Ise, Japan","October 29, 1935","Ise, Japan","Died: April 5, 2018 (age 82) in Tokyo, Japan",2018-04-05,82,"Tokyo, Japan",1935-10-29,1935,53,Japan,2018,30,FALSE
42,Machi no hi,1931,Charles Chaplin,"Born: April 16, 1889 in Walworth, London, England, UK","April 16, 1889","Walworth, London, England, UK","Died: December 25, 1977 (age 88) in Vevey, Vaud, Switzerland",1977-12-25,88,"Vevey, Vaud, Switzerland",1889-04-16,1889,42,UK,1977,46,FALSE
43,Sesshon,2014,Damien Chazelle,"Born: January 19, 1985 in Providence, Rhode Island, USA","January 19, 1985","Providence, Rhode Island, USA",NA,NA,NA,NA,1985-01-19,1985,29,USA,NA,NA,TRUE
44,グラディエーター,2000,Ridley Scott,"Born: November 30, 1937 in South Shields, County Durham, England, UK","November 30, 1937","South Shields, County Durham, England, UK",NA,NA,NA,NA,1937-11-30,1937,63,UK,NA,NA,TRUE
45,Dipâteddo,2006,Martin Scorsese,"Born: November 17, 1942 in Queens, New York City, New York, USA","November 17, 1942","Queens, New York City, New York, USA",NA,NA,NA,NA,1942-11-17,1942,64,USA,NA,NA,TRUE
46,Saikyô no futari,2011,Olivier Nakache,"Born: April 15, 1973 in Suresnes, Hauts-de-Seine, France","April 15, 1973","Suresnes, Hauts-de-Seine, France",NA,NA,NA,NA,1973-04-15,1973,38,France,NA,NA,TRUE
47,プレステージ,2006,Christopher Nolan,"Born: July 30, 1970 in London, England, UK","July 30, 1970","London, England, UK",NA,NA,NA,NA,1970-07-30,1970,36,UK,NA,NA,TRUE
48,Kasaburanka,1942,Michael Curtiz,"Born: December 24, 1886 in Budapest, Austria-Hungary [now Hungary]","December 24, 1886","Budapest, Austria-Hungary [now Hungary]","Died: April 10, 1962 (age 75) in Hollywood, Los Angeles, California, USA",1962-04-10,75,"Hollywood, Los Angeles, California, USA",1886-12-24,1886,56,Hungary,1962,20,FALSE
49,ウエスタン,1968,Sergio Leone,"Born: January 3, 1929 in Rome, Lazio, Italy","January 3, 1929","Rome, Lazio, Italy","Died: April 30, 1989 (age 60) in Rome, Lazio, Italy",1989-04-30,60,"Rome, Lazio, Italy",1929-01-03,1929,39,Italy,1989,21,FALSE
50,Uramado,1954,Alfred Hitchcock,"Born: August 13, 1899 in Leytonstone, London, England, UK","August 13, 1899","Leytonstone, London, England, UK","Died: April 29, 1980 (age 80) in Bel Air, Los Angeles, California, USA",1980-04-29,80,"Bel Air, Los Angeles, California, USA",1899-08-13,1899,55,UK,1980,26,FALSE
51,Nyû shinema paradaisu,1988,Giuseppe Tornatore,"Born: May 27, 1956 in Bagheria, Sicily, Italy","May 27, 1956","Bagheria, Sicily, Italy",NA,NA,NA,NA,1956-05-27,1956,32,Italy,NA,NA,TRUE
52,Alien,1979,Ridley Scott,"Born: November 30, 1937 in South Shields, County Durham, England, UK","November 30, 1937","South Shields, County Durham, England, UK",NA,NA,NA,NA,1937-11-30,1937,42,UK,NA,NA,TRUE
53,Jigoku no mokushiroku,1979,Francis Ford Coppola,"Born: April 7, 1939 in Detroit, Michigan, USA","April 7, 1939","Detroit, Michigan, USA",NA,NA,NA,NA,1939-04-07,1939,40,USA,NA,NA,TRUE
54,Memento,2000,Christopher Nolan,"Born: July 30, 1970 in London, England, UK","July 30, 1970","London, England, UK",NA,NA,NA,NA,1970-07-30,1970,30,UK,NA,NA,TRUE
55,Reidâsu/Ushinawareta âku,1981,Steven Spielberg,"Born: December 18, 1946 in Cincinnati, Ohio, USA","December 18, 1946","Cincinnati, Ohio, USA",NA,NA,NA,NA,1946-12-18,1946,35,USA,NA,NA,TRUE
56,Dokusaisha,1940,Charles Chaplin,"Born: April 16, 1889 in Walworth, London, England, UK","April 16, 1889","Walworth, London, England, UK","Died: December 25, 1977 (age 88) in Vevey, Vaud, Switzerland",1977-12-25,88,"Vevey, Vaud, Switzerland",1889-04-16,1889,51,UK,1977,37,FALSE
57,Yoki hito no tame no sonata,2006,Florian Henckel von Donnersmarck,"Born: May 2, 1973 in Cologne, North Rhine-Westphalia, Germany","May 2, 1973","Cologne, North Rhine-Westphalia, Germany",NA,NA,NA,NA,1973-05-02,1973,33,Germany,NA,NA,TRUE
58,Django Tsunagarezaru Mono,2012,Quentin Tarantino,"Born: March 27, 1963 in Knoxville, Tennessee, USA","March 27, 1963","Knoxville, Tennessee, USA",NA,NA,NA,NA,1963-03-27,1963,49,USA,NA,NA,TRUE
59,Totsugeki,1957,Stanley Kubrick,"Born: July 26, 1928 in New York City, New York, USA","July 26, 1928","New York City, New York, USA","Died: March 7, 1999 (age 70) in Harpenden, Hertfordshire, England, UK",1999-03-07,70,"Harpenden, Hertfordshire, England, UK",1928-07-26,1928,29,USA,1999,42,FALSE
60,Sansetto ôdôri,1950,Billy Wilder,"Born: June 22, 1906 in Sucha, Galicia, Austria-Hungary [now Sucha Beskidzka, Malopolskie, Poland]","June 22, 1906","Sucha, Galicia, Austria-Hungary [now Sucha Beskidzka, Malopolskie, Poland]","Died: March 27, 2002 (age 95) in West Los Angeles, California, USA",2002-03-27,95,"West Los Angeles, California, USA",1906-06-22,1906,44,Poland,2002,52,FALSE
61,Wôrî,2008,Andrew Stanton,"Born: December 3, 1965 in Boston, Massachusetts, USA","December 3, 1965","Boston, Massachusetts, USA",NA,NA,NA,NA,1965-12-03,1965,43,USA,NA,NA,TRUE
62,Avengers: Infinity War,2018,Anthony Russo,"Born: February 3, 1970 in Cleveland, Ohio, USA","February 3, 1970","Cleveland, Ohio, USA",NA,NA,NA,NA,1970-02-03,1970,48,USA,NA,NA,TRUE
63,Witness for the Prosecution,1957,Billy Wilder,"Born: June 22, 1906 in Sucha, Galicia, Austria-Hungary [now Sucha Beskidzka, Malopolskie, Poland]","June 22, 1906","Sucha, Galicia, Austria-Hungary [now Sucha Beskidzka, Malopolskie, Poland]","Died: March 27, 2002 (age 95) in West Los Angeles, California, USA",2002-03-27,95,"West Los Angeles, California, USA",1906-06-22,1906,51,Poland,2002,45,FALSE
64,Shining,1980,Stanley Kubrick,"Born: July 26, 1928 in New York City, New York, USA","July 26, 1928","New York City, New York, USA","Died: March 7, 1999 (age 70) in Harpenden, Hertfordshire, England, UK",1999-03-07,70,"Harpenden, Hertfordshire, England, UK",1928-07-26,1928,52,USA,1999,19,FALSE
65,Spider-Man: Into the Spider-Verse,2018,Bob Persichetti,NA,NA,NA,NA,NA,NA,NA,NA,NA,NA,NA,NA,NA,TRUE
66,Hakase no ijô na aijô: Matawa watashi wa ikani shite shinpai suru no wo yamete suibaku wo aisuru you ni natta ka,1964,Stanley Kubrick,"Born: July 26, 1928 in New York City, New York, USA","July 26, 1928","New York City, New York, USA","Died: March 7, 1999 (age 70) in Harpenden, Hertfordshire, England, UK",1999-03-07,70,"Harpenden, Hertfordshire, England, UK",1928-07-26,1928,36,USA,1999,35,FALSE
67,Mononoke-hime,1997,Hayao Miyazaki,"Born: January 5, 1941 in Tokyo, Japan","January 5, 1941","Tokyo, Japan",NA,NA,NA,NA,1941-01-05,1941,56,Japan,NA,NA,TRUE
68,Oldeuboi,2003,Park Chan-Wook,"Born: August 23, 1963 in Seoul, South Korea","August 23, 1963","Seoul, South Korea",NA,NA,NA,NA,1963-08-23,1963,40,South Korea,NA,NA,TRUE
69,Joker,2019,Todd Phillips,"Born: December 20, 1970 in Brooklyn, New York City, New York, USA","December 20, 1970","Brooklyn, New York City, New York, USA",NA,NA,NA,NA,1970-12-20,1970,49,USA,NA,NA,TRUE
70,Kimi no na wa.,2016,Makoto Shinkai,"Born: February 9, 1973 in Koumi, Japan","February 9, 1973","Koumi, Japan",NA,NA,NA,NA,1973-02-09,1973,43,Japan,NA,NA,TRUE
71,Coco,2017,Lee Unkrich,"Born: August 8, 1967 in Cleveland, Ohio, USA","August 8, 1967","Cleveland, Ohio, USA",NA,NA,NA,NA,1967-08-08,1967,50,USA,NA,NA,TRUE
72,Dâku naito raijingu,2012,Christopher Nolan,"Born: July 30, 1970 in London, England, UK","July 30, 1970","London, England, UK",NA,NA,NA,NA,1970-07-30,1970,42,UK,NA,NA,TRUE
73,Eirian 2,1986,James Cameron,"Born: August 16, 1954 in Kapuskasing, Ontario, Canada","August 16, 1954","Kapuskasing, Ontario, Canada",NA,NA,NA,NA,1954-08-16,1954,32,Canada,NA,NA,TRUE
74,Once Upon a Time in America,1984,Sergio Leone,"Born: January 3, 1929 in Rome, Lazio, Italy","January 3, 1929","Rome, Lazio, Italy","Died: April 30, 1989 (age 60) in Rome, Lazio, Italy",1989-04-30,60,"Rome, Lazio, Italy",1929-01-03,1929,55,Italy,1989,5,FALSE
75,Sonzai no nai kodomo-tachi,2018,Nadine Labaki,"Born: February 18, 1974 in Beirut, Lebanon","February 18, 1974","Beirut, Lebanon",NA,NA,NA,NA,1974-02-18,1974,44,Lebanon,NA,NA,TRUE
76,Avengers: Endgame,2019,Anthony Russo,"Born: February 3, 1970 in Cleveland, Ohio, USA","February 3, 1970","Cleveland, Ohio, USA",NA,NA,NA,NA,1970-02-03,1970,49,USA,NA,NA,TRUE
77,U-Bôto,1981,Wolfgang Petersen,"Born: March 14, 1941 in Emden, Germany","March 14, 1941","Emden, Germany",NA,NA,NA,NA,1941-03-14,1941,40,Germany,NA,NA,TRUE
78,Tengoku to jigoku,1963,Akira Kurosawa,"Born: March 23, 1910 in Tokyo, Japan","March 23, 1910","Tokyo, Japan","Died: September 6, 1998 (age 88) in Setagaya, Tokyo, Japan",1998-09-06,88,"Setagaya, Tokyo, Japan",1910-03-23,1910,53,Japan,1998,35,FALSE
79,3 Idiots,2009,Rajkumar Hirani,"Born: November 20, 1962 in Nagpur, Maharashtra, India","November 20, 1962","Nagpur, Maharashtra, India",NA,NA,NA,NA,1962-11-20,1962,47,India,NA,NA,TRUE
80,Toy Story,1995,John Lasseter,"Born: January 12, 1957 in Hollywood, Los Angeles, California, USA","January 12, 1957","Hollywood, Los Angeles, California, USA",NA,NA,NA,NA,1957-01-12,1957,38,USA,NA,NA,TRUE
81,American Beauty,1999,Sam Mendes,"Born: August 1, 1965 in Reading, Berkshire, England, UK","August 1, 1965","Reading, Berkshire, England, UK",NA,NA,NA,NA,1965-08-01,1965,34,UK,NA,NA,TRUE
82,Amadeus,1984,Milos Forman,"Born: February 18, 1932 in Cáslav, Czechoslovakia [now Czech Republic]","February 18, 1932","Cáslav, Czechoslovakia [now Czech Republic]","Died: April 13, 2018 (age 86) in Danbury, Connecticut, USA",2018-04-13,86,"Danbury, Connecticut, USA",1932-02-18,1932,52,Czech Republic,2018,34,FALSE
83,Braveheart,1995,Mel Gibson,"Born: January 3, 1956 in Peekskill, New York, USA","January 3, 1956","Peekskill, New York, USA",NA,NA,NA,NA,1956-01-03,1956,39,USA,NA,NA,TRUE
84,Hamilton,2020,Thomas Kail,NA,NA,NA,NA,NA,NA,NA,NA,NA,NA,NA,NA,NA,TRUE
85,Inglourious Basterds,2009,Quentin Tarantino,"Born: March 27, 1963 in Knoxville, Tennessee, USA","March 27, 1963","Knoxville, Tennessee, USA",NA,NA,NA,NA,1963-03-27,1963,46,USA,NA,NA,TRUE
86,Good Will Hunting,1997,Gus Van Sant,"Born: July 24, 1952 in Louisville, Kentucky, USA","July 24, 1952","Louisville, Kentucky, USA",NA,NA,NA,NA,1952-07-24,1952,45,USA,NA,NA,TRUE
87,Sutâ wôzu/Jedai no fukushuu,1983,Richard Marquand,"Born: September 22, 1937 in Llanishen, Cardiff, Glamorgan, Wales, UK","September 22, 1937","Llanishen, Cardiff, Glamorgan, Wales, UK","Died: September 4, 1987 (age 49) in Tunbridge Wells, Kent, England, UK",1987-09-04,49,"Tunbridge Wells, Kent, England, UK",1937-09-22,1937,46,UK,1987,4,FALSE
88,2001 nen: Uchuu no Tabi,1968,Stanley Kubrick,"Born: July 26, 1928 in New York City, New York, USA","July 26, 1928","New York City, New York, USA","Died: March 7, 1999 (age 70) in Harpenden, Hertfordshire, England, UK",1999-03-07,70,"Harpenden, Hertfordshire, England, UK",1928-07-26,1928,40,USA,1999,31,FALSE
89,Rezaboa Doggusu,1992,Quentin Tarantino,"Born: March 27, 1963 in Knoxville, Tennessee, USA","March 27, 1963","Knoxville, Tennessee, USA",NA,NA,NA,NA,1963-03-27,1963,29,USA,NA,NA,TRUE
90,M - Eine Stadt sucht einen Mörder,1931,Fritz Lang,"Born: December 5, 1890 in Vienna, Austria-Hungary [now Austria]","December 5, 1890","Vienna, Austria-Hungary [now Austria]","Died: August 2, 1976 (age 85) in Beverly Hills, Los Angeles, California, USA",1976-08-02,85,"Beverly Hills, Los Angeles, California, USA",1890-12-05,1890,41,Austria,1976,45,FALSE
91,Taare Zameen Par,2007,Aamir Khan,"Born: March 14, 1965 in Bombay, Maharashtra, India","March 14, 1965","Bombay, Maharashtra, India",NA,NA,NA,NA,1965-03-14,1965,42,India,NA,NA,TRUE
92,Memai,1958,Alfred Hitchcock,"Born: August 13, 1899 in Leytonstone, London, England, UK","August 13, 1899","Leytonstone, London, England, UK","Died: April 29, 1980 (age 80) in Bel Air, Los Angeles, California, USA",1980-04-29,80,"Bel Air, Los Angeles, California, USA",1899-08-13,1899,59,UK,1980,22,FALSE
93,Honoo 628,1985,Elem Klimov,"Born: July 9, 1933 in Stalingrad, Nizhne-Volzhskiy kray, RSFSR, USSR [now Volgograd, Volgogradskaya oblast, Russia]","July 9, 1933","Stalingrad, Nizhne-Volzhskiy kray, RSFSR, USSR [now Volgograd, Volgogradskaya oblast, Russia]","Died: October 26, 2003 (age 70) in Moscow, Russia",2003-10-26,70,"Moscow, Russia",1933-07-09,1933,52,Russia,2003,18,FALSE
94,Shimin Kein,1941,Orson Welles,"Born: May 6, 1915 in Kenosha, Wisconsin, USA","May 6, 1915","Kenosha, Wisconsin, USA","Died: October 10, 1985 (age 70) in Hollywood, Los Angeles, California, USA",1985-10-10,70,"Hollywood, Los Angeles, California, USA",1915-05-06,1915,26,USA,1985,44,FALSE
95,Jagten,2012,Thomas Vinterberg,"Born: May 19, 1969 in Copenhagen, Denmark","May 19, 1969","Copenhagen, Denmark",NA,NA,NA,NA,1969-05-19,1969,43,Denmark,NA,NA,TRUE
96,Requiem for a Dream,2000,Darren Aronofsky,"Born: February 12, 1969 in Brooklyn, New York City, New York, USA","February 12, 1969","Brooklyn, New York City, New York, USA",NA,NA,NA,NA,1969-02-12,1969,31,USA,NA,NA,TRUE
97,Ame ni utaeba,1952,Stanley Donen,"Born: April 13, 1924 in Columbia, South Carolina, USA","April 13, 1924","Columbia, South Carolina, USA","Died: February 21, 2019 (age 94) in New York City, New York, USA",2019-02-21,94,"New York City, New York, USA",1924-04-13,1924,28,USA,2019,67,FALSE
98,Hokuhokusei ni shinro wo tore,1959,Alfred Hitchcock,"Born: August 13, 1899 in Leytonstone, London, England, UK","August 13, 1899","Leytonstone, London, England, UK","Died: April 29, 1980 (age 80) in Bel Air, Los Angeles, California, USA",1980-04-29,80,"Bel Air, Los Angeles, California, USA",1899-08-13,1899,60,UK,1980,21,FALSE
99,Eternal Sunshine of the Spotless Mind,2004,Michel Gondry,"Born: May 8, 1963 in Versailles, Seine-et-Oise [now Yvelines], France","May 8, 1963","Versailles, Seine-et-Oise [now Yvelines], France",NA,NA,NA,NA,1963-05-08,1963,41,France,NA,NA,TRUE
100,Jitensha dorobô,1948,Vittorio De Sica,"Born: July 7, 1901 in Sora, Lazio, Italy","July 7, 1901","Sora, Lazio, Italy","Died: November 13, 1974 (age 73) in Neuilly-sur-Seine, Hauts-de-Seine, France",1974-11-13,73,"Neuilly-sur-Seine, Hauts-de-Seine, France",1901-07-07,1901,47,Italy,1974,26,FALSE
101,Ikiru,1952,Akira Kurosawa,"Born: March 23, 1910 in Tokyo, Japan","March 23, 1910","Tokyo, Japan","Died: September 6, 1998 (age 88) in Setagaya, Tokyo, Japan",1998-09-06,88,"Setagaya, Tokyo, Japan",1910-03-23,1910,42,Japan,1998,46,FALSE
102,Arabia no Rorensu,1962,David Lean,"Born: March 25, 1908 in Croydon, Surrey, England, UK","March 25, 1908","Croydon, Surrey, England, UK","Died: April 16, 1991 (age 83) in Limehouse, London, England, UK",1991-04-16,83,"Limehouse, London, England, UK",1908-03-25,1908,54,UK,1991,29,FALSE
103,The Kid,1921,Charles Chaplin,"Born: April 16, 1889 in Walworth, London, England, UK","April 16, 1889","Walworth, London, England, UK","Died: December 25, 1977 (age 88) in Vevey, Vaud, Switzerland",1977-12-25,88,"Vevey, Vaud, Switzerland",1889-04-16,1889,32,UK,1977,56,FALSE
104,Full Metal Jacket,1987,Stanley Kubrick,"Born: July 26, 1928 in New York City, New York, USA","July 26, 1928","New York City, New York, USA","Died: March 7, 1999 (age 70) in Harpenden, Hertfordshire, England, UK",1999-03-07,70,"Harpenden, Hertfordshire, England, UK",1928-07-26,1928,59,USA,1999,12,FALSE
105,Dangal,2016,Nitesh Tiwari,NA,NA,NA,NA,NA,NA,NA,NA,NA,NA,NA,NA,NA,TRUE
106,Apâto no kagi kashimasu,1960,Billy Wilder,"Born: June 22, 1906 in Sucha, Galicia, Austria-Hungary [now Sucha Beskidzka, Malopolskie, Poland]","June 22, 1906","Sucha, Galicia, Austria-Hungary [now Sucha Beskidzka, Malopolskie, Poland]","Died: March 27, 2002 (age 95) in West Los Angeles, California, USA",2002-03-27,95,"West Los Angeles, California, USA",1906-06-22,1906,54,Poland,2002,42,FALSE
107,Incendies,2010,Denis Villeneuve,"Born: October 3, 1967 in Trois-Rivières, Québec, Canada","October 3, 1967","Trois-Rivières, Québec, Canada",NA,NA,NA,NA,1967-10-03,1967,43,Canada,NA,NA,TRUE
108,The Father,2020,Florian Zeller,"Born: June 28, 1979 in Paris, France","June 28, 1979","Paris, France",NA,NA,NA,NA,1979-06-28,1979,41,France,NA,NA,TRUE
109,Shinya no kokuhaku,1944,Billy Wilder,"Born: June 22, 1906 in Sucha, Galicia, Austria-Hungary [now Sucha Beskidzka, Malopolskie, Poland]","June 22, 1906","Sucha, Galicia, Austria-Hungary [now Sucha Beskidzka, Malopolskie, Poland]","Died: March 27, 2002 (age 95) in West Los Angeles, California, USA",2002-03-27,95,"West Los Angeles, California, USA",1906-06-22,1906,38,Poland,2002,58,FALSE
110,Metoroporisu,1927,Fritz Lang,"Born: December 5, 1890 in Vienna, Austria-Hungary [now Austria]","December 5, 1890","Vienna, Austria-Hungary [now Austria]","Died: August 2, 1976 (age 85) in Beverly Hills, Los Angeles, California, USA",1976-08-02,85,"Beverly Hills, Los Angeles, California, USA",1890-12-05,1890,37,Austria,1976,49,FALSE
111,Tokei Jikake no Orenji,1971,Stanley Kubrick,"Born: July 26, 1928 in New York City, New York, USA","July 26, 1928","New York City, New York, USA","Died: March 7, 1999 (age 70) in Harpenden, Hertfordshire, England, UK",1999-03-07,70,"Harpenden, Hertfordshire, England, UK",1928-07-26,1928,43,USA,1999,28,FALSE
112,Taxi Driver,1976,Martin Scorsese,"Born: November 17, 1942 in Queens, New York City, New York, USA","November 17, 1942","Queens, New York City, New York, USA",NA,NA,NA,NA,1942-11-17,1942,34,USA,NA,NA,TRUE
113,Betsuri,2011,Asghar Farhadi,"Born: May 7, 1972 in Khomeyni Shahr, Isfahan, Iran","May 7, 1972","Khomeyni Shahr, Isfahan, Iran",NA,NA,NA,NA,1972-05-07,1972,39,Iran,NA,NA,TRUE
114,The Sting,1973,George Roy Hill,"Born: December 20, 1921 in Minneapolis, Minnesota, USA","December 20, 1921","Minneapolis, Minnesota, USA","Died: December 27, 2002 (age 81) in New York City, New York, USA",2002-12-27,81,"New York City, New York, USA",1921-12-20,1921,52,USA,2002,29,FALSE
115,Pather Panchali,1955,Satyajit Ray,"Born: May 2, 1921 in Calcutta, Bengal Presidency, British India [now India]","May 2, 1921","Calcutta, Bengal Presidency, British India [now India]","Died: April 23, 1992 (age 70) in Calcutta, West Bengal, India",1992-04-23,70,"Calcutta, West Bengal, India",1921-05-02,1921,34,India,1992,37,FALSE
116,Scarface,1983,Brian De Palma,"Born: September 11, 1940 in Newark, New Jersey, USA","September 11, 1940","Newark, New Jersey, USA",NA,NA,NA,NA,1940-09-11,1940,43,USA,NA,NA,TRUE
117,Snatch,2000,Guy Ritchie,"Born: September 10, 1968 in Hatfield, Hertfordshire, England, UK","September 10, 1968","Hatfield, Hertfordshire, England, UK",NA,NA,NA,NA,1968-09-10,1968,32,UK,NA,NA,TRUE
118,1917,2019,Sam Mendes,"Born: August 1, 1965 in Reading, Berkshire, England, UK","August 1, 1965","Reading, Berkshire, England, UK",NA,NA,NA,NA,1965-08-01,1965,54,UK,NA,NA,TRUE
119,Le fabuleux destin d'Amélie Poulain,2001,Jean-Pierre Jeunet,"Born: September 3, 1953 in Roanne, Loire, Rhône-Alpes, France","September 3, 1953","Roanne, Loire, Rhône-Alpes, France",NA,NA,NA,NA,1953-09-03,1953,48,France,NA,NA,TRUE
120,Arabama monogatari,1962,Robert Mulligan,"Born: August 23, 1925 in The Bronx, New York City, New York, USA","August 23, 1925","The Bronx, New York City, New York, USA","Died: December 20, 2008 (age 83) in Lyme, Connecticut, USA",2008-12-20,83,"Lyme, Connecticut, USA",1925-08-23,1925,37,USA,2008,46,FALSE
121,Toi Sutôrî 3,2010,Lee Unkrich,"Born: August 8, 1967 in Cleveland, Ohio, USA","August 8, 1967","Cleveland, Ohio, USA",NA,NA,NA,NA,1967-08-08,1967,43,USA,NA,NA,TRUE
122,Yuuhi no ganman,1965,Sergio Leone,"Born: January 3, 1929 in Rome, Lazio, Italy","January 3, 1929","Rome, Lazio, Italy","Died: April 30, 1989 (age 60) in Rome, Lazio, Italy",1989-04-30,60,"Rome, Lazio, Italy",1929-01-03,1929,36,Italy,1989,24,FALSE
123,Kâru jîsan no sora-tobu ie,2009,Pete Docter,"Born: October 9, 1968 in Bloomington, Minnesota, USA","October 9, 1968","Bloomington, Minnesota, USA",NA,NA,NA,NA,1968-10-09,1968,41,USA,NA,NA,TRUE
124,Indi Jônzu: Saigo no seisen,1989,Steven Spielberg,"Born: December 18, 1946 in Cincinnati, Ohio, USA","December 18, 1946","Cincinnati, Ohio, USA",NA,NA,NA,NA,1946-12-18,1946,43,USA,NA,NA,TRUE
125,Heat,1995,Michael Mann,"Born: February 5, 1943 in Chicago, Illinois, USA","February 5, 1943","Chicago, Illinois, USA",NA,NA,NA,NA,1943-02-05,1943,52,USA,NA,NA,TRUE
126,L.A. Confidential,1997,Curtis Hanson,"Born: March 24, 1945 in Reno, Nevada, USA","March 24, 1945","Reno, Nevada, USA","Died: September 20, 2016 (age 71) in Los Angeles, California, USA",2016-09-20,71,"Los Angeles, California, USA",1945-03-24,1945,52,USA,2016,19,FALSE
127,Yôjinbô,1961,Akira Kurosawa,"Born: March 23, 1910 in Tokyo, Japan","March 23, 1910","Tokyo, Japan","Died: September 6, 1998 (age 88) in Setagaya, Tokyo, Japan",1998-09-06,88,"Setagaya, Tokyo, Japan",1910-03-23,1910,51,Japan,1998,37,FALSE
128,Ran,1985,Akira Kurosawa,"Born: March 23, 1910 in Tokyo, Japan","March 23, 1910","Tokyo, Japan","Died: September 6, 1998 (age 88) in Setagaya, Tokyo, Japan",1998-09-06,88,"Setagaya, Tokyo, Japan",1910-03-23,1910,75,Japan,1998,13,FALSE
129,Die Hard,1988,John McTiernan,"Born: January 8, 1951 in Albany, New York, USA","January 8, 1951","Albany, New York, USA",NA,NA,NA,NA,1951-01-08,1951,37,USA,NA,NA,TRUE
130,Rashômon,1950,Akira Kurosawa,"Born: March 23, 1910 in Tokyo, Japan","March 23, 1910","Tokyo, Japan","Died: September 6, 1998 (age 88) in Setagaya, Tokyo, Japan",1998-09-06,88,"Setagaya, Tokyo, Japan",1910-03-23,1910,40,Japan,1998,48,FALSE
131,Green Book,2018,Peter Farrelly,"Born: December 17, 1956 in Phoenixville, Pennsylvania, USA","December 17, 1956","Phoenixville, Pennsylvania, USA",NA,NA,NA,NA,1956-12-17,1956,62,USA,NA,NA,TRUE
132,Jai Bhim,2021,T.J. Gnanavel,NA,NA,NA,NA,NA,NA,NA,NA,NA,NA,NA,NA,NA,TRUE
133,Hitorâ: Saigo no 12nichi kan,2004,Oliver Hirschbiegel,"Born: December 29, 1957 in Hamburg, Germany","December 29, 1957","Hamburg, Germany",NA,NA,NA,NA,1957-12-29,1957,47,Germany,NA,NA,TRUE
134,Monti Paison ando hôrii gurairu,1975,Terry Gilliam,"Born: November 22, 1940 in Minneapolis, Minnesota, USA","November 22, 1940","Minneapolis, Minnesota, USA",NA,NA,NA,NA,1940-11-22,1940,35,USA,NA,NA,TRUE
135,Eve no subete,1950,Joseph L. Mankiewicz,"Born: February 11, 1909 in Wilkes-Barre, Pennsylvania, USA","February 11, 1909","Wilkes-Barre, Pennsylvania, USA","Died: February 5, 1993 (age 83) in Bedford, New York, USA",1993-02-05,83,"Bedford, New York, USA",1909-02-11,1909,41,USA,1993,43,FALSE
136,O atsui no ga o suki,1959,Billy Wilder,"Born: June 22, 1906 in Sucha, Galicia, Austria-Hungary [now Sucha Beskidzka, Malopolskie, Poland]","June 22, 1906","Sucha, Galicia, Austria-Hungary [now Sucha Beskidzka, Malopolskie, Poland]","Died: March 27, 2002 (age 95) in West Los Angeles, California, USA",2002-03-27,95,"West Los Angeles, California, USA",1906-06-22,1906,53,Poland,2002,43,FALSE
137,Batman Begins,2005,Christopher Nolan,"Born: July 30, 1970 in London, England, UK","July 30, 1970","London, England, UK",NA,NA,NA,NA,1970-07-30,1970,35,UK,NA,NA,TRUE
138,Yurusarezaru mono,1992,Clint Eastwood,"Born: May 31, 1930 in San Francisco, California, USA","May 31, 1930","San Francisco, California, USA",NA,NA,NA,NA,1930-05-31,1930,62,USA,NA,NA,TRUE
139,運動靴と赤い金魚,1997,Majid Majidi,"Born: 1959 in Tehran, Iran",1959,"Tehran, Iran",NA,NA,NA,NA,NA,1959,38,Iran,NA,NA,TRUE
140,Hauru no ugoku shiro,2004,Hayao Miyazaki,"Born: January 5, 1941 in Tokyo, Japan","January 5, 1941","Tokyo, Japan",NA,NA,NA,NA,1941-01-05,1941,63,Japan,NA,NA,TRUE
141,The Wolf of Wall Street,2013,Martin Scorsese,"Born: November 17, 1942 in Queens, New York City, New York, USA","November 17, 1942","Queens, New York City, New York, USA",NA,NA,NA,NA,1942-11-17,1942,71,USA,NA,NA,TRUE
142,Judgment at Nuremberg,1961,Stanley Kramer,"Born: September 29, 1913 in Hell's Kitchen [now Clinton], Manhattan, New York City, New York, USA","September 29, 1913","Hell's Kitchen [now Clinton], Manhattan, New York City, New York, USA","Died: February 19, 2001 (age 87) in Woodland Hills, Los Angeles, California, USA",2001-02-19,87,"Woodland Hills, Los Angeles, California, USA",1913-09-29,1913,48,USA,2001,40,FALSE
143,Dai Dassô,1963,John Sturges,"Born: January 3, 1910 in Oak Park, Illinois, USA","January 3, 1910","Oak Park, Illinois, USA","Died: August 18, 1992 (age 82) in San Luis Obispo, California, USA",1992-08-18,82,"San Luis Obispo, California, USA",1910-01-03,1910,53,USA,1992,29,FALSE
144,There Will Be Blood,2007,Paul Thomas Anderson,"Born: June 26, 1970 in Studio City, California, USA","June 26, 1970","Studio City, California, USA",NA,NA,NA,NA,1970-06-26,1970,37,USA,NA,NA,TRUE
145,Casino,1995,Martin Scorsese,"Born: November 17, 1942 in Queens, New York City, New York, USA","November 17, 1942","Queens, New York City, New York, USA",NA,NA,NA,NA,1942-11-17,1942,53,USA,NA,NA,TRUE
146,Ougon,1948,John Huston,"Born: August 5, 1906 in Nevada, Missouri, USA","August 5, 1906","Nevada, Missouri, USA","Died: August 28, 1987 (age 81) in Middletown, Rhode Island, USA",1987-08-28,81,"Middletown, Rhode Island, USA",1906-08-05,1906,42,USA,1987,39,FALSE
147,Pan's Labyrinth,2006,Guillermo del Toro,"Born: October 9, 1964 in Guadalajara, Jalisco, Mexico","October 9, 1964","Guadalajara, Jalisco, Mexico",NA,NA,NA,NA,1964-10-09,1964,42,Mexico,NA,NA,TRUE
148,A Beautiful Mind,2001,Ron Howard,"Born: March 1, 1954 in Duncan, Oklahoma, USA","March 1, 1954","Duncan, Oklahoma, USA",NA,NA,NA,NA,1954-03-01,1954,47,USA,NA,NA,TRUE
149,El secreto de sus ojos,2009,Juan José Campanella,"Born: July 19, 1959 in Buenos Aires, Argentina","July 19, 1959","Buenos Aires, Argentina",NA,NA,NA,NA,1959-07-19,1959,50,Argentina,NA,NA,TRUE
150,Raging Bull,1980,Martin Scorsese,"Born: November 17, 1942 in Queens, New York City, New York, USA","November 17, 1942","Queens, New York City, New York, USA",NA,NA,NA,NA,1942-11-17,1942,38,USA,NA,NA,TRUE
151,デルス・ウザーラ,1975,Akira Kurosawa,"Born: March 23, 1910 in Tokyo, Japan","March 23, 1910","Tokyo, Japan","Died: September 6, 1998 (age 88) in Setagaya, Tokyo, Japan",1998-09-06,88,"Setagaya, Tokyo, Japan",1910-03-23,1910,65,Japan,1998,23,FALSE
152,Chinatown,1974,Roman Polanski,"Born: August 18, 1933 in Paris, France","August 18, 1933","Paris, France",NA,NA,NA,NA,1933-08-18,1933,41,France,NA,NA,TRUE
153,Tonari no Totoro,1988,Hayao Miyazaki,"Born: January 5, 1941 in Tokyo, Japan","January 5, 1941","Tokyo, Japan",NA,NA,NA,NA,1941-01-05,1941,47,Japan,NA,NA,TRUE
154,"Lock, Stock and Two Smoking Barrels",1998,Guy Ritchie,"Born: September 10, 1968 in Hatfield, Hertfordshire, England, UK","September 10, 1968","Hatfield, Hertfordshire, England, UK",NA,NA,NA,NA,1968-09-10,1968,30,UK,NA,NA,TRUE
155,Shutter Island,2010,Martin Scorsese,"Born: November 17, 1942 in Queens, New York City, New York, USA","November 17, 1942","Queens, New York City, New York, USA",NA,NA,NA,NA,1942-11-17,1942,68,USA,NA,NA,TRUE
156,Chaplin no Ôgonkyô Jidai,1925,Charles Chaplin,"Born: April 16, 1889 in Walworth, London, England, UK","April 16, 1889","Walworth, London, England, UK","Died: December 25, 1977 (age 88) in Vevey, Vaud, Switzerland",1977-12-25,88,"Vevey, Vaud, Switzerland",1889-04-16,1889,36,UK,1977,52,FALSE
157,Nô kantorî,2007,Ethan Coen,"Born: September 21, 1957 in Minneapolis, Minnesota, USA","September 21, 1957","Minneapolis, Minnesota, USA",NA,NA,NA,NA,1957-09-21,1957,50,USA,NA,NA,TRUE
158,Daiyaru emu wo mawase!,1954,Alfred Hitchcock,"Born: August 13, 1899 in Leytonstone, London, England, UK","August 13, 1899","Leytonstone, London, England, UK","Died: April 29, 1980 (age 80) in Bel Air, Los Angeles, California, USA",1980-04-29,80,"Bel Air, Los Angeles, California, USA",1899-08-13,1899,55,UK,1980,26,FALSE
159,遊星からの物体X,1982,John Carpenter,"Born: January 16, 1948 in Carthage, New York, USA","January 16, 1948","Carthage, New York, USA",NA,NA,NA,NA,1948-01-16,1948,34,USA,NA,NA,TRUE
160,Dai-nana no fûin,1957,Ingmar Bergman,"Born: July 14, 1918 in Uppsala, Uppsala län, Sweden","July 14, 1918","Uppsala, Uppsala län, Sweden","Died: July 30, 2007 (age 89) in Fårö, Gotlands län, Sweden",2007-07-30,89,"Fårö, Gotlands län, Sweden",1918-07-14,1918,39,Sweden,2007,50,FALSE
161,"Three Billboards Outside Ebbing, Missouri",2017,Martin McDonagh,"Born: March 26, 1970 in Camberwell, London, England, UK","March 26, 1970","Camberwell, London, England, UK",NA,NA,NA,NA,1970-03-26,1970,47,UK,NA,NA,TRUE
162,The Elephant Man,1980,David Lynch,"Born: January 20, 1946 in Missoula, Montana, USA","January 20, 1946","Missoula, Montana, USA",NA,NA,NA,NA,1946-01-20,1946,34,USA,NA,NA,TRUE
163,Klaus,2019,Sergio Pablos,NA,NA,NA,NA,NA,NA,NA,NA,NA,NA,NA,NA,NA,TRUE
164,Shikkusu sensu,1999,M. Night Shyamalan,"Born: August 6, 1970 in Mahé, Pondicherry, India","August 6, 1970","Mahé, Pondicherry, India",NA,NA,NA,NA,1970-08-06,1970,29,India,NA,NA,TRUE
165,DUNE/デューン 砂の惑星,2021,Denis Villeneuve,"Born: October 3, 1967 in Trois-Rivières, Québec, Canada","October 3, 1967","Trois-Rivières, Québec, Canada",NA,NA,NA,NA,1967-10-03,1967,54,Canada,NA,NA,TRUE
166,Smultronstället,1957,Ingmar Bergman,"Born: July 14, 1918 in Uppsala, Uppsala län, Sweden","July 14, 1918","Uppsala, Uppsala län, Sweden","Died: July 30, 2007 (age 89) in Fårö, Gotlands län, Sweden",2007-07-30,89,"Fårö, Gotlands län, Sweden",1918-07-14,1918,39,Sweden,2007,50,FALSE
167,Daisan no otoko,1949,Carol Reed,"Born: December 30, 1906 in Putney, London, England, UK","December 30, 1906","Putney, London, England, UK","Died: April 25, 1976 (age 69) in Chelsea, London, England, UK",1976-04-25,69,"Chelsea, London, England, UK",1906-12-30,1906,43,UK,1976,27,FALSE
168,The Truman Show,1998,Peter Weir,"Born: August 21, 1944 in Sydney, New South Wales, Australia","August 21, 1944","Sydney, New South Wales, Australia",NA,NA,NA,NA,1944-08-21,1944,54,Australia,NA,NA,TRUE
169,Jurashikku pâku,1993,Steven Spielberg,"Born: December 18, 1946 in Cincinnati, Ohio, USA","December 18, 1946","Cincinnati, Ohio, USA",NA,NA,NA,NA,1946-12-18,1946,47,USA,NA,NA,TRUE
170,Satsujin no tsuioku,2003,Bong Joon Ho,"Born: September 14, 1969 in Daegu, South Korea","September 14, 1969","Daegu, South Korea",NA,NA,NA,NA,1969-09-14,1969,34,South Korea,NA,NA,TRUE
171,V fô vendetta,2005,James McTeigue,NA,NA,NA,NA,NA,NA,NA,NA,NA,NA,NA,NA,NA,TRUE
172,Burêdo rannâ,1982,Ridley Scott,"Born: November 30, 1937 in South Shields, County Durham, England, UK","November 30, 1937","South Shields, County Durham, England, UK",NA,NA,NA,NA,1937-11-30,1937,45,UK,NA,NA,TRUE
173,Trainspotting,1996,Danny Boyle,"Born: October 20, 1956 in Radcliffe, Greater Manchester, England, UK","October 20, 1956","Radcliffe, Greater Manchester, England, UK",NA,NA,NA,NA,1956-10-20,1956,40,UK,NA,NA,TRUE
174,Inside Head,2015,Pete Docter,"Born: October 9, 1968 in Bloomington, Minnesota, USA","October 9, 1968","Bloomington, Minnesota, USA",NA,NA,NA,NA,1968-10-09,1968,47,USA,NA,NA,TRUE
175,Senjô ni kakeru hashi,1957,David Lean,"Born: March 25, 1908 in Croydon, Surrey, England, UK","March 25, 1908","Croydon, Surrey, England, UK","Died: April 16, 1991 (age 83) in Limehouse, London, England, UK",1991-04-16,83,"Limehouse, London, England, UK",1908-03-25,1908,49,UK,1991,34,FALSE
176,Fâgo,1996,Joel Coen,"Born: November 29, 1954 in Minneapolis, Minnesota, USA","November 29, 1954","Minneapolis, Minnesota, USA",NA,NA,NA,NA,1954-11-29,1954,42,USA,NA,NA,TRUE
177,Warrior,2011,Gavin O'Connor,"Born: December 24, 1963 in Huntington, Long Island, New York, USA","December 24, 1963","Huntington, Long Island, New York, USA",NA,NA,NA,NA,1963-12-24,1963,48,USA,NA,NA,TRUE
178,Finding Nemo,2003,Andrew Stanton,"Born: December 3, 1965 in Boston, Massachusetts, USA","December 3, 1965","Boston, Massachusetts, USA",NA,NA,NA,NA,1965-12-03,1965,38,USA,NA,NA,TRUE
179,Kill Bill: Vol. 1,2003,Quentin Tarantino,"Born: March 27, 1963 in Knoxville, Tennessee, USA","March 27, 1963","Knoxville, Tennessee, USA",NA,NA,NA,NA,1963-03-27,1963,40,USA,NA,NA,TRUE
180,Kaze to tomo ni sarinu,1939,Victor Fleming,"Born: February 23, 1889 in La Cañada, California, USA","February 23, 1889","La Cañada, California, USA","Died: January 6, 1949 (age 59) in Cottonwood, Arizona, USA",1949-01-06,59,"Cottonwood, Arizona, USA",1889-02-23,1889,50,USA,1949,10,FALSE
181,Tôkyô monogatari,1953,Yasujirô Ozu,"Born: December 12, 1903 in Tokyo, Japan","December 12, 1903","Tokyo, Japan","Died: December 12, 1963 (age 60) in Tokyo, Japan",1963-12-12,60,"Tokyo, Japan",1903-12-12,1903,50,Japan,1963,10,FALSE
182,Hatoba,1954,Elia Kazan,"Born: September 7, 1909 in Constantinople, Ottoman Empire [now Istanbul, Turkey]","September 7, 1909","Constantinople, Ottoman Empire [now Istanbul, Turkey]","Died: September 28, 2003 (age 94) in Manhattan, New York City, New York, USA",2003-09-28,94,"Manhattan, New York City, New York, USA",1909-09-07,1909,45,Turkey,2003,49,FALSE
183,Babam ve Oglum,2005,Cagan Irmak,"Born: April 4, 1970 in Izmir, Turkey","April 4, 1970","Izmir, Turkey",NA,NA,NA,NA,1970-04-04,1970,35,Turkey,NA,NA,TRUE
184,Relatos salvajes,2014,Damián Szifron,"Born: July 9, 1975 in Ramos Mejía, Buenos Aires, Argentina","July 9, 1975","Ramos Mejía, Buenos Aires, Argentina",NA,NA,NA,NA,1975-07-09,1975,39,Argentina,NA,NA,TRUE
185,Stalker,1979,Andrei Tarkovsky,"Born: April 4, 1932 in Zavrazhe, Yurevetskiy rayon, Ivanovskaya Promyshlennaya oblast, RSFSR, USSR [now Ivanovskaya oblast, Russia]","April 4, 1932","Zavrazhe, Yurevetskiy rayon, Ivanovskaya Promyshlennaya oblast, RSFSR, USSR [now Ivanovskaya oblast, Russia]","Died: December 29, 1986 (age 54) in Neuilly-sur-Seine, Hauts-de-Seine, France",1986-12-29,54,"Neuilly-sur-Seine, Hauts-de-Seine, France",1932-04-04,1932,47,Russia,1986,7,FALSE
186,The Deer Hunter,1978,Michael Cimino,"Born: February 3, 1939 in New York City, New York, USA","February 3, 1939","New York City, New York, USA","Died: July 2, 2016 (age 77) in Los Angeles, California, USA",2016-07-02,77,"Los Angeles, California, USA",1939-02-03,1939,39,USA,2016,38,FALSE
187,Z,1969,Costa-Gavras,"Born: February 12, 1933 in Loutra-Iraias, Greece","February 12, 1933","Loutra-Iraias, Greece",NA,NA,NA,NA,1933-02-12,1933,36,Greece,NA,NA,TRUE
188,Purizunâzu,2013,Denis Villeneuve,"Born: October 3, 1967 in Trois-Rivières, Québec, Canada","October 3, 1967","Trois-Rivières, Québec, Canada",NA,NA,NA,NA,1967-10-03,1967,46,Canada,NA,NA,TRUE
189,Keaton no Tantei gaku Nyûmon,1924,Buster Keaton,"Born: October 4, 1895 in Piqua, Kansas, USA","October 4, 1895","Piqua, Kansas, USA","Died: February 1, 1966 (age 70) in Los Angeles, California, USA",1966-02-01,70,"Los Angeles, California, USA",1895-10-04,1895,29,USA,1966,42,FALSE
190,The Grand Budapest Hotel,2014,Wes Anderson,"Born: May 1, 1969 in Houston, Texas, USA","May 1, 1969","Houston, Texas, USA",NA,NA,NA,NA,1969-05-01,1969,45,USA,NA,NA,TRUE
191,Keaton no Dai Ressha Tsuiseki,1926,Clyde Bruckman,"Born: June 30, 1894 in San Bernardino, California, USA","June 30, 1894","San Bernardino, California, USA","Died: January 4, 1955 (age 60) in Hollywood, Los Angeles, California, USA",1955-01-04,60,"Hollywood, Los Angeles, California, USA",1894-06-30,1894,32,USA,1955,29,FALSE
192,Gran Torino,2008,Clint Eastwood,"Born: May 31, 1930 in San Francisco, California, USA","May 31, 1930","San Francisco, California, USA",NA,NA,NA,NA,1930-05-31,1930,78,USA,NA,NA,TRUE
193,Persona,1966,Ingmar Bergman,"Born: July 14, 1918 in Uppsala, Uppsala län, Sweden","July 14, 1918","Uppsala, Uppsala län, Sweden","Died: July 30, 2007 (age 89) in Fårö, Gotlands län, Sweden",2007-07-30,89,"Fårö, Gotlands län, Sweden",1918-07-14,1918,48,Sweden,2007,41,FALSE
194,Before Sunrise,1995,Richard Linklater,"Born: July 30, 1960 in Houston, Texas, USA","July 30, 1960","Houston, Texas, USA",NA,NA,NA,NA,1960-07-30,1960,35,USA,NA,NA,TRUE
195,Mary and Max.,2009,Adam Elliot,"Born: January 2, 1972 in South Australia, Australia","January 2, 1972","South Australia, Australia",NA,NA,NA,NA,1972-01-02,1972,37,Australia,NA,NA,TRUE
196,Catch Me If You Can,2002,Steven Spielberg,"Born: December 18, 1946 in Cincinnati, Ohio, USA","December 18, 1946","Cincinnati, Ohio, USA",NA,NA,NA,NA,1946-12-18,1946,56,USA,NA,NA,TRUE
197,Sumisu miyako e yuku,1939,Frank Capra,"Born: May 18, 1897 in Bisacquino, Sicily, Italy","May 18, 1897","Bisacquino, Sicily, Italy","Died: September 3, 1991 (age 94) in La Quinta, California, USA",1991-09-03,94,"La Quinta, California, USA",1897-05-18,1897,42,Italy,1991,52,FALSE
198,In the Name of the Father,1993,Jim Sheridan,"Born: February 6, 1949 in Dublin, Ireland","February 6, 1949","Dublin, Ireland",NA,NA,NA,NA,1949-02-06,1949,44,Ireland,NA,NA,TRUE
199,Barry Lyndon,1975,Stanley Kubrick,"Born: July 26, 1928 in New York City, New York, USA","July 26, 1928","New York City, New York, USA","Died: March 7, 1999 (age 70) in Harpenden, Hertfordshire, England, UK",1999-03-07,70,"Harpenden, Hertfordshire, England, UK",1928-07-26,1928,47,USA,1999,24,FALSE
200,Room,2015,Lenny Abrahamson,"Born: November 30, 1966 in Rathfarnham, Dublin, Ireland","November 30, 1966","Rathfarnham, Dublin, Ireland",NA,NA,NA,NA,1966-11-30,1966,49,Ireland,NA,NA,TRUE
201,Gone Girl,2014,David Fincher,"Born: August 28, 1962 in Denver, Colorado, USA","August 28, 1962","Denver, Colorado, USA",NA,NA,NA,NA,1962-08-28,1962,52,USA,NA,NA,TRUE
202,Hacksaw Ridge,2016,Mel Gibson,"Born: January 3, 1956 in Peekskill, New York, USA","January 3, 1956","Peekskill, New York, USA",NA,NA,NA,NA,1956-01-03,1956,60,USA,NA,NA,TRUE
203,Sabakaruru Jannu,1928,Carl Theodor Dreyer,"Born: February 3, 1889 in Copenhagen, Denmark","February 3, 1889","Copenhagen, Denmark","Died: March 20, 1968 (age 79) in Copenhagen, Denmark",1968-03-20,79,"Copenhagen, Denmark",1889-02-03,1889,39,Denmark,1968,40,FALSE
204,Andhadhun,2018,Sriram Raghavan,NA,NA,NA,NA,NA,NA,NA,NA,NA,NA,NA,NA,NA,TRUE
205,Ford v Ferrari,2019,James Mangold,"Born: December 16, 1963 in New York City, New York, USA","December 16, 1963","New York City, New York, USA",NA,NA,NA,NA,1963-12-16,1963,56,USA,NA,NA,TRUE
206,Sore Demo Yoru Ha Akeru,2013,Steve McQueen,"Born: October 9, 1969 in London, England, UK","October 9, 1969","London, England, UK",NA,NA,NA,NA,1969-10-09,1969,44,UK,NA,NA,TRUE
207,To Be or Not to Be,1942,Ernst Lubitsch,"Born: January 29, 1892 in Berlin, Germany","January 29, 1892","Berlin, Germany","Died: November 30, 1947 (age 55) in Hollywood, Los Angeles, California, USA",1947-11-30,55,"Hollywood, Los Angeles, California, USA",1892-01-29,1892,50,Germany,1947,5,FALSE
208,Biggu ribousuki,1998,Joel Coen,"Born: November 29, 1954 in Minneapolis, Minnesota, USA","November 29, 1954","Minneapolis, Minnesota, USA",NA,NA,NA,NA,1954-11-29,1954,44,USA,NA,NA,TRUE
209,Aki no sonata,1978,Ingmar Bergman,"Born: July 14, 1918 in Uppsala, Uppsala län, Sweden","July 14, 1918","Uppsala, Uppsala län, Sweden","Died: July 30, 2007 (age 89) in Fårö, Gotlands län, Sweden",2007-07-30,89,"Fårö, Gotlands län, Sweden",1918-07-14,1918,60,Sweden,2007,29,FALSE
210,Ima wo ikiru,1989,Peter Weir,"Born: August 21, 1944 in Sydney, New South Wales, Australia","August 21, 1944","Sydney, New South Wales, Australia",NA,NA,NA,NA,1944-08-21,1944,45,Australia,NA,NA,TRUE
211,Hikku to doragon,2010,Dean DeBlois,"Born: June 7, 1970 in Aylmer, Quebec, Canada","June 7, 1970","Aylmer, Quebec, Canada",NA,NA,NA,NA,1970-06-07,1970,40,Canada,NA,NA,TRUE
212,Mad Max: Fury Road,2015,George Miller,"Born: March 3, 1945 in Chinchilla, Queensland, Australia","March 3, 1945","Chinchilla, Queensland, Australia",NA,NA,NA,NA,1945-03-03,1945,70,Australia,NA,NA,TRUE
213,Ben-Hur,1959,William Wyler,"Born: July 1, 1902 in Mülhausen, Alsace, Germany [now Mulhouse, Haut-Rhin, France]","July 1, 1902","Mülhausen, Alsace, Germany [now Mulhouse, Haut-Rhin, France]","Died: July 27, 1981 (age 79) in Los Angeles, California, USA",1981-07-27,79,"Los Angeles, California, USA",1902-07-01,1902,57,France,1981,22,FALSE
214,Harî Pottâ to shi no hihô: Part 2,2011,David Yates,"Born: October 8, 1963 in St. Helens, Merseyside, England, UK","October 8, 1963","St. Helens, Merseyside, England, UK",NA,NA,NA,NA,1963-10-08,1963,48,UK,NA,NA,TRUE
215,Million Dollar Baby,2004,Clint Eastwood,"Born: May 31, 1930 in San Francisco, California, USA","May 31, 1930","San Francisco, California, USA",NA,NA,NA,NA,1930-05-31,1930,74,USA,NA,NA,TRUE
216,Kyôfu no hôshû,1953,Henri-Georges Clouzot,"Born: November 20, 1907 in Niort, Deux-Sèvres, France","November 20, 1907","Niort, Deux-Sèvres, France","Died: January 12, 1977 (age 69) in Paris, France",1977-01-12,69,"Paris, France",1907-11-20,1907,46,France,1977,24,FALSE
217,Ojôsan,2016,Park Chan-Wook,"Born: August 23, 1963 in Seoul, South Korea","August 23, 1963","Seoul, South Korea",NA,NA,NA,NA,1963-08-23,1963,53,South Korea,NA,NA,TRUE
218,Stand by Me,1986,Rob Reiner,"Born: March 6, 1947 in The Bronx, New York City, New York, USA","March 6, 1947","The Bronx, New York City, New York, USA",NA,NA,NA,NA,1947-03-06,1947,39,USA,NA,NA,TRUE
219,Network,1976,Sidney Lumet,"Born: June 25, 1924 in Philadelphia, Pennsylvania, USA","June 25, 1924","Philadelphia, Pennsylvania, USA","Died: April 9, 2011 (age 86) in Manhattan, New York City, New York, USA",2011-04-09,86,"Manhattan, New York City, New York, USA",1924-06-25,1924,52,USA,2011,35,FALSE
220,Logan,2017,James Mangold,"Born: December 16, 1963 in New York City, New York, USA","December 16, 1963","New York City, New York, USA",NA,NA,NA,NA,1963-12-16,1963,54,USA,NA,NA,TRUE
221,Gangs of Wasseypur,2012,Anurag Kashyap,"Born: September 10, 1972 in Gorakhpur, Uttar Pradesh, India","September 10, 1972","Gorakhpur, Uttar Pradesh, India",NA,NA,NA,NA,1972-09-10,1972,40,India,NA,NA,TRUE
222,暴力脱獄,1967,Stuart Rosenberg,"Born: August 11, 1927 in Brooklyn, New York City, New York, USA","August 11, 1927","Brooklyn, New York City, New York, USA","Died: March 15, 2007 (age 79) in Beverly Hills, Los Angeles, California, USA",2007-03-15,79,"Beverly Hills, Los Angeles, California, USA",1927-08-11,1927,40,USA,2007,40,FALSE
223,Hachi: Yakusoku no inu,2009,Lasse Hallström,"Born: June 2, 1946 in Stockholm, Stockholms län, Sweden","June 2, 1946","Stockholm, Stockholms län, Sweden",NA,NA,NA,NA,1946-06-02,1946,63,Sweden,NA,NA,TRUE
224,Nikushimi,1995,Mathieu Kassovitz,"Born: August 3, 1967 in Paris, France","August 3, 1967","Paris, France",NA,NA,NA,NA,1967-08-03,1967,28,France,NA,NA,TRUE
225,Otona wa wakattekurenai,1959,François Truffaut,"Born: February 6, 1932 in Paris, France","February 6, 1932","Paris, France","Died: October 21, 1984 (age 52) in Neuilly-sur-Seine, Hauts-de-Seine, France",1984-10-21,52,"Neuilly-sur-Seine, Hauts-de-Seine, France",1932-02-06,1932,27,France,1984,25,FALSE
226,Eiga Koe no katachi,2016,Naoko Yamada,"Born: November 28, 1984 in Gunma Prefecture, Japan","November 28, 1984","Gunma Prefecture, Japan",NA,NA,NA,NA,1984-11-28,1984,32,Japan,NA,NA,TRUE
227,Puratôn,1986,Oliver Stone,"Born: September 15, 1946 in New York City, New York, USA","September 15, 1946","New York City, New York, USA",NA,NA,NA,NA,1946-09-15,1946,40,USA,NA,NA,TRUE
228,Spotlight,2015,Tom McCarthy,"Born: June 7, 1966 in New Providence, New Jersey, USA","June 7, 1966","New Providence, New Jersey, USA",NA,NA,NA,NA,1966-06-07,1966,49,USA,NA,NA,TRUE
229,Monsutâzu Inku,2001,Pete Docter,"Born: October 9, 1968 in Bloomington, Minnesota, USA","October 9, 1968","Bloomington, Minnesota, USA",NA,NA,NA,NA,1968-10-09,1968,33,USA,NA,NA,TRUE
230,Rebecca,1940,Alfred Hitchcock,"Born: August 13, 1899 in Leytonstone, London, England, UK","August 13, 1899","Leytonstone, London, England, UK","Died: April 29, 1980 (age 80) in Bel Air, Los Angeles, California, USA",1980-04-29,80,"Bel Air, Los Angeles, California, USA",1899-08-13,1899,41,UK,1980,40,FALSE
231,Monti Paison Raifu obu Buraian,1979,Terry Jones,"Born: February 1, 1942 in Colwyn Bay, Wales, UK","February 1, 1942","Colwyn Bay, Wales, UK","Died: January 21, 2020 (age 77) in London, England, UK",2020-01-21,77,"London, England, UK",1942-02-01,1942,37,UK,2020,41,FALSE
232,Hotel Rwanda,2004,Terry George,"Born: December 20, 1952 in Belfast, Northern Ireland, UK","December 20, 1952","Belfast, Northern Ireland, UK",NA,NA,NA,NA,1952-12-20,1952,52,UK,NA,NA,TRUE
233,Eskiya,1996,Yavuz Turgul,"Born: April 5, 1946 in Istanbul, Turkey","April 5, 1946","Istanbul, Turkey",NA,NA,NA,NA,1946-04-05,1946,50,Turkey,NA,NA,TRUE
234,Fa yeung nin wah,2000,Kar-Wai Wong,"Born: July 17, 1956 in Shanghai, China","July 17, 1956","Shanghai, China",NA,NA,NA,NA,1956-07-17,1956,44,China,NA,NA,TRUE
235,Rasshu: Puraido to yûjô,2013,Ron Howard,"Born: March 1, 1954 in Duncan, Oklahoma, USA","March 1, 1954","Duncan, Oklahoma, USA",NA,NA,NA,NA,1954-03-01,1954,59,USA,NA,NA,TRUE
236,Into the Wild,2007,Sean Penn,"Born: August 17, 1960 in Santa Monica, California, USA","August 17, 1960","Santa Monica, California, USA",NA,NA,NA,NA,1960-08-17,1960,47,USA,NA,NA,TRUE
237,Rokki,1976,John G. Avildsen,"Born: December 21, 1935 in Oak Park, Illinois, USA","December 21, 1935","Oak Park, Illinois, USA","Died: June 16, 2017 (age 81) in Los Angeles, California, USA",2017-06-16,81,"Los Angeles, California, USA",1935-12-21,1935,41,USA,2017,41,FALSE
238,Amores perros,2000,Alejandro G. Iñárritu,"Born: August 15, 1963 in Mexico City, Distrito Federal, Mexico","August 15, 1963","Mexico City, Distrito Federal, Mexico",NA,NA,NA,NA,1963-08-15,1963,37,Mexico,NA,NA,TRUE
239,Kaze no tani no Naushika,1984,Hayao Miyazaki,"Born: January 5, 1941 in Tokyo, Japan","January 5, 1941","Tokyo, Japan",NA,NA,NA,NA,1941-01-05,1941,43,Japan,NA,NA,TRUE
240,Andrei Rublev,1966,Andrei Tarkovsky,"Born: April 4, 1932 in Zavrazhe, Yurevetskiy rayon, Ivanovskaya Promyshlennaya oblast, RSFSR, USSR [now Ivanovskaya oblast, Russia]","April 4, 1932","Zavrazhe, Yurevetskiy rayon, Ivanovskaya Promyshlennaya oblast, RSFSR, USSR [now Ivanovskaya oblast, Russia]","Died: December 29, 1986 (age 54) in Neuilly-sur-Seine, Hauts-de-Seine, France",1986-12-29,54,"Neuilly-sur-Seine, Hauts-de-Seine, France",1932-04-04,1932,34,Russia,1986,20,FALSE
241,Aru yo no dekigoto,1934,Frank Capra,"Born: May 18, 1897 in Bisacquino, Sicily, Italy","May 18, 1897","Bisacquino, Sicily, Italy","Died: September 3, 1991 (age 94) in La Quinta, California, USA",1991-09-03,94,"La Quinta, California, USA",1897-05-18,1897,37,Italy,1991,57,FALSE
242,ビフォア・サンセット,2004,Richard Linklater,"Born: July 30, 1960 in Houston, Texas, USA","July 30, 1960","Houston, Texas, USA",NA,NA,NA,NA,1960-07-30,1960,44,USA,NA,NA,TRUE
243,96,2018,C. Prem Kumar,NA,NA,NA,NA,NA,NA,NA,NA,NA,NA,NA,NA,NA,TRUE
244,Fanî to Arekusanderu,1982,Ingmar Bergman,"Born: July 14, 1918 in Uppsala, Uppsala län, Sweden","July 14, 1918","Uppsala, Uppsala län, Sweden","Died: July 30, 2007 (age 89) in Fårö, Gotlands län, Sweden",2007-07-30,89,"Fårö, Gotlands län, Sweden",1918-07-14,1918,64,Sweden,2007,25,FALSE
245,"Shin seiki Evangelion Gekijô-ban: Air/Magokoro wo, kimi ni",1997,Hideaki Anno,"Born: May 22, 1960 in Ube, Japan","May 22, 1960","Ube, Japan",NA,NA,NA,NA,1960-05-22,1960,37,Japan,NA,NA,TRUE
246,アルジェの戦い,1966,Gillo Pontecorvo,"Born: November 19, 1919 in Pisa, Tuscany, Italy","November 19, 1919","Pisa, Tuscany, Italy","Died: October 12, 2006 (age 86) in Rome, Lazio, Italy",2006-10-12,86,"Rome, Lazio, Italy",1919-11-19,1919,47,Italy,2006,40,FALSE
247,Kabiria no yoru,1957,Federico Fellini,"Born: January 20, 1920 in Rimini, Emilia-Romagna, Italy","January 20, 1920","Rimini, Emilia-Romagna, Italy","Died: October 31, 1993 (age 73) in Rome, Lazio, Italy",1993-10-31,73,"Rome, Lazio, Italy",1920-01-20,1920,37,Italy,1993,36,FALSE
248,The Princess Bride,1987,Rob Reiner,"Born: March 6, 1947 in The Bronx, New York City, New York, USA","March 6, 1947","The Bronx, New York City, New York, USA",NA,NA,NA,NA,1947-03-06,1947,40,USA,NA,NA,TRUE
249,"Pari, Tekisasu",1984,Wim Wenders,"Born: August 14, 1945 in Düsseldorf, Germany","August 14, 1945","Düsseldorf, Germany",NA,NA,NA,NA,1945-08-14,1945,39,Germany,NA,NA,TRUE
250,Ratsasan,2018,Ram Kumar,NA,NA,NA,NA,NA,NA,NA,NA,NA,NA,NA,NA,NA,TRUE
